stationName,Month,Monthly_Mean_GWL,Monthly_Mean_Temp,Monthly_Total_Rain,Monthly_Total_Evap,Monthly_Mean_Pressure,Monthly_Mean_Dewpoint,LULC_Code_LULC_10,LULC_Code_LULC_20,LULC_Code_LULC_30,LULC_Code_LULC_40,LULC_Code_LULC_50,LULC_Code_LULC_60,Soil_Type_Code_SOIL_3.0,Monthly_Mean_GWL_t-1,Monthly_Mean_GWL_t-2,Monthly_Mean_Temp_t-1,Monthly_Mean_Temp_t-2,Monthly_Total_Rain_t-1,Monthly_Total_Rain_t-2,Monthly_Total_Evap_t-1,Monthly_Total_Evap_t-2,Monthly_Mean_Pressure_t-1,Monthly_Mean_Pressure_t-2,Monthly_Mean_Dewpoint_t-1,Monthly_Mean_Dewpoint_t-2,D1,D2,D3,D4,D5,D6,D7,D8,D9,D10,D11
Delhi South MEHRAULI Gadaipur Pz,2023-02-28,-66.77179439252336,291.9881286621094,0.023904837667942,-0.6265629529953003,98545.3359375,282.513671875,False,False,False,False,True,False,False,-66.83365254237289,-66.86228169014085,285.7665100097656,288.2605895996094,0.3481596410274505,0.0019618021324276,-0.4431668519973755,-0.4604206085205078,98876.25,98675.828125,280.9683837890625,281.4186706542969,0,1,0,0,0,0,0,0,0,0,0
Delhi South MEHRAULI Gadaipur Pz,2023-03-31,-66.89311016949152,295.4223937988281,0.8619892001152039,-0.950981855392456,98407.9765625,286.43377685546875,False,False,False,False,True,False,False,-66.77179439252336,-66.83365254237289,291.9881286621094,285.7665100097656,0.023904837667942,0.3481596410274505,-0.6265629529953003,-0.4431668519973755,98545.3359375,98876.25,282.513671875,280.9683837890625,0,0,1,0,0,0,0,0,0,0,0
Delhi South MEHRAULI Gadaipur Pz,2023-04-30,-66.94266666666667,299.954345703125,0.2554227113723755,-0.9125751852989196,98042.640625,283.1230773925781,False,False,False,False,True,False,False,-66.89311016949152,-66.77179439252336,295.4223937988281,291.9881286621094,0.8619892001152039,0.023904837667942,-0.950981855392456,-0.6265629529953003,98407.9765625,98545.3359375,286.43377685546875,282.513671875,0,0,0,1,0,0,0,0,0,0,0
Delhi South MEHRAULI Gadaipur Pz,2023-05-31,-67.09272881355932,302.5292358398437,1.091763615608215,-1.3110978603363037,97764.0,287.57177734375,False,False,False,False,True,False,False,-66.94266666666667,-66.89311016949152,299.954345703125,295.4223937988281,0.2554227113723755,0.8619892001152039,-0.9125751852989196,-0.950981855392456,98042.640625,98407.9765625,283.1230773925781,286.43377685546875,0,0,0,0,1,0,0,0,0,0,0
Delhi South MEHRAULI Gadaipur Pz,2023-06-30,-67.21953913043478,304.4808959960937,1.1590372323989868,-0.8640266060829163,97309.1015625,293.4582214355469,False,False,False,False,True,False,False,-67.09272881355932,-66.94266666666667,302.5292358398437,299.954345703125,1.091763615608215,0.2554227113723755,-1.3110978603363037,-0.9125751852989196,97764.0,98042.640625,287.57177734375,283.1230773925781,0,0,0,0,0,1,0,0,0,0,0
Delhi South MEHRAULI Gadaipur Pz,2023-07-31,-67.2328813559322,302.1005859375,3.643332004547119,-1.7851961851119995,97283.5234375,298.6620483398437,False,False,False,False,True,False,False,-67.21953913043478,-67.09272881355932,304.4808959960937,302.5292358398437,1.1590372323989868,1.091763615608215,-0.8640266060829163,-1.3110978603363037,97309.1015625,97764.0,293.4582214355469,287.57177734375,0,0,0,0,0,0,1,0,0,0,0
Delhi South MEHRAULI Gadaipur Pz,2023-08-31,-67.29118644067796,302.7442932128906,0.6629010438919067,-2.2776570320129395,97338.59375,296.77459716796875,False,False,False,False,True,False,False,-67.2328813559322,-67.21953913043478,302.1005859375,304.4808959960937,3.643332004547119,1.1590372323989868,-1.7851961851119995,-0.8640266060829163,97283.5234375,97309.1015625,298.6620483398437,293.4582214355469,0,0,0,0,0,0,0,1,0,0,0
Delhi South MEHRAULI Gadaipur Pz,2023-09-30,-67.40007894736843,301.7401428222656,1.1750017404556274,-1.8453209400177,97627.28125,296.1165466308594,False,False,False,False,True,False,False,-67.29118644067796,-67.2328813559322,302.7442932128906,302.1005859375,0.6629010438919067,3.643332004547119,-2.2776570320129395,-1.7851961851119995,97338.59375,97283.5234375,296.77459716796875,298.6620483398437,0,0,0,0,0,0,0,0,1,0,0
Delhi South MEHRAULI Gadaipur Pz,2023-10-31,-67.50477118644068,298.6249389648437,0.113896831870079,-1.1693346500396729,98313.0078125,288.2489624023437,False,False,False,False,True,False,False,-67.40007894736843,-67.29118644067796,301.7401428222656,302.7442932128906,1.1750017404556274,0.6629010438919067,-1.8453209400177,-2.2776570320129395,97627.28125,97338.59375,296.1165466308594,296.77459716796875,0,0,0,0,0,0,0,0,0,1,0
Delhi South MEHRAULI Gadaipur Pz,2023-11-30,-67.54092105263157,294.0565490722656,0.0975065678358078,-0.3509993851184845,98712.6015625,286.5992736816406,False,False,False,False,True,False,False,-67.50477118644068,-67.40007894736843,298.6249389648437,301.7401428222656,0.113896831870079,1.1750017404556274,-1.1693346500396729,-1.8453209400177,98313.0078125,97627.28125,288.2489624023437,296.1165466308594,0,0,0,0,0,0,0,0,0,0,1
Delhi South MEHRAULI Gadaipur Pz,2023-12-31,-67.50371186440678,288.9382019042969,0.0177275463938713,-0.1998380124568939,98860.171875,282.8968505859375,False,False,False,False,True,False,False,-67.54092105263157,-67.50477118644068,294.0565490722656,298.6249389648437,0.0975065678358078,0.113896831870079,-0.3509993851184845,-1.1693346500396729,98712.6015625,98313.0078125,286.5992736816406,288.2489624023437,0,0,0,0,0,0,0,0,0,0,0
Delhi South MEHRAULI Gadaipur Pz,2024-01-31,-67.39940336134454,285.1893920898437,0.1153685078024864,-0.1125482618808746,98894.8203125,281.28350830078125,False,False,False,False,True,False,False,-67.50371186440678,-67.54092105263157,288.9382019042969,294.0565490722656,0.0177275463938713,0.0975065678358078,-0.1998380124568939,-0.3509993851184845,98860.171875,98712.6015625,282.8968505859375,286.5992736816406,1,0,0,0,0,0,0,0,0,0,0
Delhi South MEHRAULI Gadaipur Pz,2024-02-29,-67.33509090909091,289.279541015625,0.2047180235385894,-0.5275580286979675,98787.2890625,281.31396484375,False,False,False,False,True,False,False,-67.39940336134454,-67.50371186440678,285.1893920898437,288.9382019042969,0.1153685078024864,0.0177275463938713,-0.1125482618808746,-0.1998380124568939,98894.8203125,98860.171875,281.28350830078125,282.8968505859375,0,1,0,0,0,0,0,0,0,0,0
Delhi South MEHRAULI Gadaipur Pz,2024-03-31,-67.41359322033898,294.8017272949219,0.3383605480194092,-0.666839599609375,98421.9921875,283.4947204589844,False,False,False,False,True,False,False,-67.33509090909091,-67.39940336134454,289.279541015625,285.1893920898437,0.2047180235385894,0.1153685078024864,-0.5275580286979675,-0.1125482618808746,98787.2890625,98894.8203125,281.31396484375,281.28350830078125,0,0,1,0,0,0,0,0,0,0,0
Delhi South MEHRAULI Gadaipur Pz,2024-04-30,-67.63890350877193,301.9203491210937,0.0122542139142751,-0.1512486934661865,97919.8203125,280.8570861816406,False,False,False,False,True,False,False,-67.41359322033898,-67.33509090909091,294.8017272949219,289.279541015625,0.3383605480194092,0.2047180235385894,-0.666839599609375,-0.5275580286979675,98421.9921875,98787.2890625,283.4947204589844,281.31396484375,0,0,0,1,0,0,0,0,0,0,0
Delhi South MEHRAULI Gadaipur Pz,2024-05-31,-67.81601680672269,307.1033630371094,0.0063772080466151,-0.1197680681943893,97440.6640625,284.03271484375,False,False,False,False,True,False,False,-67.63890350877193,-67.41359322033898,301.9203491210937,294.8017272949219,0.0122542139142751,0.3383605480194092,-0.1512486934661865,-0.666839599609375,97919.8203125,98421.9921875,280.8570861816406,283.4947204589844,0,0,0,0,1,0,0,0,0,0,0
Delhi South MEHRAULI Gadaipur Pz,2024-06-30,-67.97197368421052,307.8502502441406,0.8023079633712769,-0.412468284368515,97143.21875,290.03814697265625,False,False,False,False,True,False,False,-67.81601680672269,-67.63890350877193,307.1033630371094,301.9203491210937,0.0063772080466151,0.0122542139142751,-0.1197680681943893,-0.1512486934661865,97440.6640625,97919.8203125,284.03271484375,280.8570861816406,0,0,0,0,0,1,0,0,0,0,0
Delhi South MEHRAULI Gadaipur Pz,2024-07-31,-68.1545593220339,303.23541259765625,1.5972590446472168,-1.927530527114868,96981.78125,299.2755126953125,False,False,False,False,True,False,False,-67.97197368421052,-67.81601680672269,307.8502502441406,307.1033630371094,0.8023079633712769,0.0063772080466151,-0.412468284368515,-0.1197680681943893,97143.21875,97440.6640625,290.03814697265625,284.03271484375,0,0,0,0,0,0,1,0,0,0,0
Delhi South MEHRAULI Gadaipur Pz,2024-08-31,-68.2373813559322,301.1966247558594,3.360910654067993,-1.7286033630371094,97418.90625,298.24969482421875,False,False,False,False,True,False,False,-68.1545593220339,-67.97197368421052,303.23541259765625,307.8502502441406,1.5972590446472168,0.8023079633712769,-1.927530527114868,-0.412468284368515,96981.78125,97143.21875,299.2755126953125,290.03814697265625,0,0,0,0,0,0,0,1,0,0,0
Delhi South MEHRAULI Gadaipur Pz,2024-09-30,-68.28026315789474,300.40252685546875,4.449124336242676,-1.700697898864746,97589.2109375,297.1844177246094,False,False,False,False,True,False,False,-68.2373813559322,-68.1545593220339,301.1966247558594,303.23541259765625,3.360910654067993,1.5972590446472168,-1.7286033630371094,-1.927530527114868,97418.90625,96981.78125,298.24969482421875,299.2755126953125,0,0,0,0,0,0,0,0,1,0,0
Delhi South MEHRAULI Gadaipur Pz,2024-10-31,-68.38973770491803,299.30426025390625,0.003520083380863,-1.6909916400909424,98137.515625,292.1403503417969,False,False,False,False,True,False,False,-68.28026315789474,-68.2373813559322,300.40252685546875,301.1966247558594,4.449124336242676,3.360910654067993,-1.700697898864746,-1.7286033630371094,97589.2109375,97418.90625,297.1844177246094,298.24969482421875,0,0,0,0,0,0,0,0,0,1,0
Delhi South MEHRAULI Gadaipur Pz,2024-11-30,-68.32628925619835,294.5666198730469,0.0011916763614863,-0.661537230014801,98579.4921875,287.6708984375,False,False,False,False,True,False,False,-68.38973770491803,-68.28026315789474,299.30426025390625,300.40252685546875,0.003520083380863,4.449124336242676,-1.6909916400909424,-1.700697898864746,98137.515625,97589.2109375,292.1403503417969,297.1844177246094,0,0,0,0,0,0,0,0,0,0,1
Delhi South MEHRAULI Gadaipur Pz,2024-12-31,-68.27383870967742,287.8583679199219,0.644212543964386,-0.4117355644702911,98747.609375,280.9364624023437,False,False,False,False,True,False,False,-68.32628925619835,-68.38973770491803,294.5666198730469,299.30426025390625,0.0011916763614863,0.003520083380863,-0.661537230014801,-1.6909916400909424,98579.4921875,98137.515625,287.6708984375,292.1403503417969,0,0,0,0,0,0,0,0,0,0,0
Delhi South MEHRAULI Gadaipur Pz,2025-01-31,-68.08603225806452,286.7673645019531,0.138606458902359,-0.7260125875473022,98729.0859375,282.4698791503906,False,False,False,False,True,False,False,-68.27383870967742,-68.32628925619835,287.8583679199219,294.5666198730469,0.644212543964386,0.0011916763614863,-0.4117355644702911,-0.661537230014801,98747.609375,98579.4921875,280.9364624023437,287.6708984375,1,0,0,0,0,0,0,0,0,0,0
Delhi South MEHRAULI Gadaipur Pz,2025-02-28,-68.01085714285715,291.0294494628906,0.2551667988300323,-0.6449972987174988,98613.109375,282.72662353515625,False,False,False,False,True,False,False,-68.08603225806452,-68.27383870967742,286.7673645019531,287.8583679199219,0.138606458902359,0.644212543964386,-0.7260125875473022,-0.4117355644702911,98729.0859375,98747.609375,282.4698791503906,280.9364624023437,0,1,0,0,0,0,0,0,0,0,0
Delhi South MEHRAULI Gadaipur Pz,2025-03-31,-68.048712,295.9493713378906,0.1518828123807907,-0.7842673659324646,98275.7421875,282.1453857421875,False,False,False,False,True,False,False,-68.01085714285715,-68.08603225806452,291.0294494628906,286.7673645019531,0.2551667988300323,0.138606458902359,-0.6449972987174988,-0.7260125875473022,98613.109375,98729.0859375,282.72662353515625,282.4698791503906,0,0,1,0,0,0,0,0,0,0,0
Delhi South MEHRAULI Gadaipur Pz,2025-04-30,-68.27265546218487,303.1622009277344,0.1295480579137802,-0.4688248634338379,97809.953125,282.8481140136719,False,False,False,False,True,False,False,-68.048712,-68.01085714285715,295.9493713378906,291.0294494628906,0.1518828123807907,0.2551667988300323,-0.7842673659324646,-0.6449972987174988,98275.7421875,98613.109375,282.1453857421875,282.72662353515625,0,0,0,1,0,0,0,0,0,0,0
Delhi South MEHRAULI Gadaipur Pz,2025-05-31,-68.39561983471076,304.9265441894531,0.384844422340393,-0.6850753426551819,97424.7734375,291.6062316894531,False,False,False,False,True,False,False,-68.27265546218487,-68.048712,303.1622009277344,295.9493713378906,0.1295480579137802,0.1518828123807907,-0.4688248634338379,-0.7842673659324646,97809.953125,98275.7421875,282.8481140136719,282.1453857421875,0,0,0,0,1,0,0,0,0,0,0
Delhi South MEHRAULI Gadaipur Pz,2025-06-30,-68.540625,304.4817810058594,1.519834041595459,-1.1718499660491943,97157.359375,295.5375366210937,False,False,False,False,True,False,False,-68.39561983471076,-68.27265546218487,304.9265441894531,303.1622009277344,0.384844422340393,0.1295480579137802,-0.6850753426551819,-0.4688248634338379,97424.7734375,97809.953125,291.6062316894531,282.8481140136719,0,0,0,0,0,1,0,0,0,0,0
Delhi South MEHRAULI Gadaipur Pz,2025-07-31,-68.60443548387097,301.7157897949219,2.922743082046509,-1.7547061443328855,97086.8828125,298.2979431152344,False,False,False,False,True,False,False,-68.540625,-68.39561983471076,304.4817810058594,304.9265441894531,1.519834041595459,0.384844422340393,-1.1718499660491943,-0.6850753426551819,97157.359375,97424.7734375,295.5375366210937,291.6062316894531,0,0,0,0,0,0,1,0,0,0,0
Delhi South MEHRAULI Gadaipur Pz,2025-08-31,-68.60709230769231,301.0965576171875,2.6444122791290283,-1.7426754236221311,97417.3046875,297.99920654296875,False,False,False,False,True,False,False,-68.60443548387097,-68.540625,301.7157897949219,304.4817810058594,2.922743082046509,1.519834041595459,-1.7547061443328855,-1.1718499660491943,97086.8828125,97157.359375,298.2979431152344,295.5375366210937,0,0,0,0,0,0,0,1,0,0,0
Delhi South West KAPESHERA Daulatpur Pz,2023-02-28,-10.68619642857143,292.2288818359375,0.0230411738157272,-0.6864577531814575,98862.5859375,282.27886962890625,False,False,True,False,False,False,True,-10.717225806451612,-10.739364406779664,285.79998779296875,288.3633117675781,0.2649078965187073,0.0010434362338855,-0.4398449063301086,-0.4876237511634826,99202.6875,99001.390625,280.82781982421875,281.25347900390625,0,1,0,0,0,0,0,0,0,0,0
Delhi South West KAPESHERA Daulatpur Pz,2023-03-31,-10.693169354838709,295.73193359375,0.9354537725448608,-0.9208144545555116,98717.1953125,286.4199523925781,False,False,True,False,False,False,True,-10.68619642857143,-10.717225806451612,292.2288818359375,285.79998779296875,0.0230411738157272,0.2649078965187073,-0.6864577531814575,-0.4398449063301086,98862.5859375,99202.6875,282.27886962890625,280.82781982421875,0,0,1,0,0,0,0,0,0,0,0
Delhi South West KAPESHERA Daulatpur Pz,2023-04-30,-10.638183333333334,300.24664306640625,0.2485575079917907,-1.0274485349655151,98347.109375,283.1224060058594,False,False,True,False,False,False,True,-10.693169354838709,-10.68619642857143,295.73193359375,292.2288818359375,0.9354537725448608,0.0230411738157272,-0.9208144545555116,-0.6864577531814575,98717.1953125,98862.5859375,286.4199523925781,282.27886962890625,0,0,0,1,0,0,0,0,0,0,0
Delhi South West KAPESHERA Daulatpur Pz,2023-05-31,-10.627701612903229,302.78973388671875,1.177901029586792,-1.3344141244888306,98063.796875,287.597412109375,False,False,True,False,False,False,True,-10.638183333333334,-10.693169354838709,300.24664306640625,295.73193359375,0.2485575079917907,0.9354537725448608,-1.0274485349655151,-0.9208144545555116,98347.109375,98717.1953125,283.1224060058594,286.4199523925781,0,0,0,0,1,0,0,0,0,0,0
Delhi South West KAPESHERA Daulatpur Pz,2023-06-30,-10.6053,304.6810913085937,1.0782310962677002,-1.0051960945129397,97607.0,293.6861877441406,False,False,True,False,False,False,True,-10.627701612903229,-10.638183333333334,302.78973388671875,300.24664306640625,1.177901029586792,0.2485575079917907,-1.3344141244888306,-1.0274485349655151,98063.796875,98347.109375,287.597412109375,283.1224060058594,0,0,0,0,0,1,0,0,0,0,0
Delhi South West KAPESHERA Daulatpur Pz,2023-07-31,-10.414918699186993,302.4840393066406,3.417133331298828,-1.5982768535614014,97574.6328125,298.6869812011719,False,False,True,False,False,False,True,-10.6053,-10.627701612903229,304.6810913085937,302.78973388671875,1.0782310962677002,1.177901029586792,-1.0051960945129397,-1.3344141244888306,97607.0,98063.796875,293.6861877441406,287.597412109375,0,0,0,0,0,0,1,0,0,0,0
Delhi South West KAPESHERA Daulatpur Pz,2023-08-31,-10.221894308943089,303.2611999511719,0.5264445543289185,-2.005608081817627,97634.8515625,296.5411071777344,False,False,True,False,False,False,True,-10.414918699186993,-10.6053,302.4840393066406,304.6810913085937,3.417133331298828,1.0782310962677002,-1.5982768535614014,-1.0051960945129397,97574.6328125,97607.0,298.6869812011719,293.6861877441406,0,0,0,0,0,0,0,1,0,0,0
Delhi South West KAPESHERA Daulatpur Pz,2023-09-30,-10.029814814814817,302.2742614746094,1.0457112789154053,-1.6326992511749268,97923.78125,295.82867431640625,False,False,True,False,False,False,True,-10.221894308943089,-10.414918699186993,303.2611999511719,302.4840393066406,0.5264445543289185,3.417133331298828,-2.005608081817627,-1.5982768535614014,97634.8515625,97574.6328125,296.5411071777344,298.6869812011719,0,0,0,0,0,0,0,0,1,0,0
Delhi South West KAPESHERA Daulatpur Pz,2023-10-31,-9.9361320754717,299.0731201171875,0.1147329732775688,-1.0476802587509155,98620.09375,287.90826416015625,False,False,True,False,False,False,True,-10.029814814814817,-10.221894308943089,302.2742614746094,303.2611999511719,1.0457112789154053,0.5264445543289185,-1.6326992511749268,-2.005608081817627,97923.78125,97634.8515625,295.82867431640625,296.5411071777344,0,0,0,0,0,0,0,0,0,1,0
Delhi South West KAPESHERA Daulatpur Pz,2023-11-30,-9.916216666666664,294.3270263671875,0.0883672311902046,-0.352956086397171,99025.1640625,286.44891357421875,False,False,True,False,False,False,True,-9.9361320754717,-10.029814814814817,299.0731201171875,302.2742614746094,0.1147329732775688,1.0457112789154053,-1.0476802587509155,-1.6326992511749268,98620.09375,97923.78125,287.90826416015625,295.82867431640625,0,0,0,0,0,0,0,0,0,0,1
Delhi South West KAPESHERA Daulatpur Pz,2023-12-31,-9.93232258064516,289.0860290527344,0.0159541387110948,-0.2331484109163284,99182.3125,282.844482421875,False,False,True,False,False,False,True,-9.916216666666664,-9.9361320754717,294.3270263671875,299.0731201171875,0.0883672311902046,0.1147329732775688,-0.352956086397171,-1.0476802587509155,99025.1640625,98620.09375,286.44891357421875,287.90826416015625,0,0,0,0,0,0,0,0,0,0,0
Delhi South West KAPESHERA Daulatpur Pz,2024-01-31,-9.937565573770492,285.2467041015625,0.1478452235460281,-0.1500501334667205,99219.5078125,281.2572937011719,False,False,True,False,False,False,True,-9.93232258064516,-9.916216666666664,289.0860290527344,294.3270263671875,0.0159541387110948,0.0883672311902046,-0.2331484109163284,-0.352956086397171,99182.3125,99025.1640625,282.844482421875,286.44891357421875,1,0,0,0,0,0,0,0,0,0,0
Delhi South West KAPESHERA Daulatpur Pz,2024-02-29,-9.93076724137931,289.4760131835937,0.1890788078308105,-0.5634641647338867,99107.953125,281.29766845703125,False,False,True,False,False,False,True,-9.937565573770492,-9.93232258064516,285.2467041015625,289.0860290527344,0.1478452235460281,0.0159541387110948,-0.1500501334667205,-0.2331484109163284,99219.5078125,99182.3125,281.2572937011719,282.844482421875,0,1,0,0,0,0,0,0,0,0,0
Delhi South West KAPESHERA Daulatpur Pz,2024-03-31,-10.054131147540984,295.0726928710937,0.3226441144943237,-0.6987165212631226,98734.28125,283.1300964355469,False,False,True,False,False,False,True,-9.93076724137931,-9.937565573770492,289.4760131835937,285.2467041015625,0.1890788078308105,0.1478452235460281,-0.5634641647338867,-0.1500501334667205,99107.953125,99219.5078125,281.29766845703125,281.2572937011719,0,0,1,0,0,0,0,0,0,0,0
Delhi South West KAPESHERA Daulatpur Pz,2024-04-30,-10.172560344827586,302.2154235839844,0.0133467428386211,-0.2061245441436767,98226.5546875,280.66461181640625,False,False,True,False,False,False,True,-10.054131147540984,-9.93076724137931,295.0726928710937,289.4760131835937,0.3226441144943237,0.1890788078308105,-0.6987165212631226,-0.5634641647338867,98734.28125,99107.953125,283.1300964355469,281.29766845703125,0,0,0,1,0,0,0,0,0,0,0
Delhi South West KAPESHERA Daulatpur Pz,2024-05-31,-10.263635593220338,307.47479248046875,0.0677374601364135,-0.214252308011055,97734.8359375,283.7889709472656,False,False,True,False,False,False,True,-10.172560344827586,-10.054131147540984,302.2154235839844,295.0726928710937,0.0133467428386211,0.3226441144943237,-0.2061245441436767,-0.6987165212631226,98226.5546875,98734.28125,280.66461181640625,283.1300964355469,0,0,0,0,1,0,0,0,0,0,0
Delhi South West KAPESHERA Daulatpur Pz,2024-06-30,-10.273308333333334,308.1820678710937,0.8120620250701904,-0.3756858110427856,97438.5,290.1642761230469,False,False,True,False,False,False,True,-10.263635593220338,-10.172560344827586,307.47479248046875,302.2154235839844,0.0677374601364135,0.0133467428386211,-0.214252308011055,-0.2061245441436767,97734.8359375,98226.5546875,283.7889709472656,280.66461181640625,0,0,0,0,0,1,0,0,0,0,0
Delhi South West KAPESHERA Daulatpur Pz,2024-07-31,-10.103394736842104,303.6863708496094,2.034834146499634,-1.7139638662338257,97270.7734375,299.2284851074219,False,False,True,False,False,False,True,-10.273308333333334,-10.263635593220338,308.1820678710937,307.47479248046875,0.8120620250701904,0.0677374601364135,-0.3756858110427856,-0.214252308011055,97438.5,97734.8359375,290.1642761230469,283.7889709472656,0,0,0,0,0,0,1,0,0,0,0
Delhi South West KAPESHERA Daulatpur Pz,2024-08-31,-9.875169642857143,301.39031982421875,3.574374198913574,-1.555091381072998,97713.375,298.3185119628906,False,False,True,False,False,False,True,-10.103394736842104,-10.273308333333334,303.6863708496094,308.1820678710937,2.034834146499634,0.8120620250701904,-1.7139638662338257,-0.3756858110427856,97270.7734375,97438.5,299.2284851074219,290.1642761230469,0,0,0,0,0,0,0,1,0,0,0
Delhi South West KAPESHERA Daulatpur Pz,2024-09-30,-9.612150000000002,300.6615905761719,3.782893657684326,-1.5564345121383667,97889.1640625,297.22607421875,False,False,True,False,False,False,True,-9.875169642857143,-10.103394736842104,301.39031982421875,303.6863708496094,3.574374198913574,2.034834146499634,-1.555091381072998,-1.7139638662338257,97713.375,97270.7734375,298.3185119628906,299.2284851074219,0,0,0,0,0,0,0,0,1,0,0
Delhi South West KAPESHERA Daulatpur Pz,2024-10-31,-9.317806451612904,299.7166442871094,0.0022259326651692,-1.5382784605026243,98440.7734375,291.8321838378906,False,False,True,False,False,False,True,-9.612150000000002,-9.875169642857143,300.6615905761719,301.39031982421875,3.782893657684326,3.574374198913574,-1.5564345121383667,-1.555091381072998,97889.1640625,97713.375,297.22607421875,298.3185119628906,0,0,0,0,0,0,0,0,0,1,0
Delhi South West KAPESHERA Daulatpur Pz,2024-11-30,-9.19880172413793,294.90643310546875,0.0007869998225942,-0.6372371912002563,98890.0,287.4760131835937,False,False,True,False,False,False,True,-9.317806451612904,-9.612150000000002,299.7166442871094,300.6615905761719,0.0022259326651692,3.782893657684326,-1.5382784605026243,-1.5564345121383667,98440.7734375,97889.1640625,291.8321838378906,297.22607421875,0,0,0,0,0,0,0,0,0,0,1
Delhi South West KAPESHERA Daulatpur Pz,2024-12-31,-9.293975,288.011962890625,0.6816762089729309,-0.4049844145774841,99071.4375,280.8209533691406,False,False,True,False,False,False,True,-9.19880172413793,-9.317806451612904,294.90643310546875,299.7166442871094,0.0007869998225942,0.0022259326651692,-0.6372371912002563,-1.5382784605026243,98890.0,98440.7734375,287.4760131835937,291.8321838378906,0,0,0,0,0,0,0,0,0,0,0
Delhi South West KAPESHERA Daulatpur Pz,2025-01-31,-9.174604838709678,286.8254699707031,0.1397788673639297,-0.7009758949279785,99052.6328125,282.4848327636719,False,False,True,False,False,False,True,-9.293975,-9.19880172413793,288.011962890625,294.90643310546875,0.6816762089729309,0.0007869998225942,-0.4049844145774841,-0.6372371912002563,99071.4375,98890.0,280.8209533691406,287.4760131835937,1,0,0,0,0,0,0,0,0,0,0
Delhi South West KAPESHERA Daulatpur Pz,2025-02-28,-9.164491071428571,291.16632080078125,0.2374809235334396,-0.7478131055831909,98932.4296875,282.8914489746094,False,False,True,False,False,False,True,-9.174604838709678,-9.293975,286.8254699707031,288.011962890625,0.1397788673639297,0.6816762089729309,-0.7009758949279785,-0.4049844145774841,99052.6328125,99071.4375,282.4848327636719,280.8209533691406,0,1,0,0,0,0,0,0,0,0,0
Delhi South West KAPESHERA Daulatpur Pz,2025-03-31,-9.251525862068965,296.1390380859375,0.1554416865110397,-0.8799618482589722,98589.1484375,282.02886962890625,False,False,True,False,False,False,True,-9.164491071428571,-9.174604838709678,291.16632080078125,286.8254699707031,0.2374809235334396,0.1397788673639297,-0.7478131055831909,-0.7009758949279785,98932.4296875,99052.6328125,282.8914489746094,282.4848327636719,0,0,1,0,0,0,0,0,0,0,0
Delhi South West KAPESHERA Daulatpur Pz,2025-04-30,-9.35745,303.4649353027344,0.1261401623487472,-0.5280530452728271,98104.9921875,282.54248046875,False,False,True,False,False,False,True,-9.251525862068965,-9.164491071428571,296.1390380859375,291.16632080078125,0.1554416865110397,0.2374809235334396,-0.8799618482589722,-0.7478131055831909,98589.1484375,98932.4296875,282.02886962890625,282.8914489746094,0,0,0,1,0,0,0,0,0,0,0
Delhi South West KAPESHERA Daulatpur Pz,2025-05-31,-9.315490909090908,305.371826171875,0.4068977832794189,-0.7178326845169067,97713.234375,291.3887634277344,False,False,True,False,False,False,True,-9.35745,-9.251525862068965,303.4649353027344,296.1390380859375,0.1261401623487472,0.1554416865110397,-0.5280530452728271,-0.8799618482589722,98104.9921875,98589.1484375,282.54248046875,282.02886962890625,0,0,0,0,1,0,0,0,0,0,0
Delhi South West KAPESHERA Daulatpur Pz,2025-06-30,-9.298266666666668,304.8836669921875,1.5324666500091553,-1.0778868198394775,97446.46875,295.4483642578125,False,False,True,False,False,False,True,-9.315490909090908,-9.35745,305.371826171875,303.4649353027344,0.4068977832794189,0.1261401623487472,-0.7178326845169067,-0.5280530452728271,97713.234375,98104.9921875,291.3887634277344,282.54248046875,0,0,0,0,0,1,0,0,0,0,0
Delhi South West KAPESHERA Daulatpur Pz,2025-07-31,-9.185912087912088,302.0062561035156,3.229280948638916,-1.5844950675964355,97379.25,298.3346252441406,False,False,True,False,False,False,True,-9.298266666666668,-9.315490909090908,304.8836669921875,305.371826171875,1.5324666500091553,0.4068977832794189,-1.0778868198394775,-0.7178326845169067,97446.46875,97713.234375,295.4483642578125,291.3887634277344,0,0,0,0,0,0,1,0,0,0,0
Delhi South West KAPESHERA Daulatpur Pz,2025-08-31,-8.953259574468085,301.3907470703125,2.413802146911621,-1.6218105554580688,97711.6328125,298.0129089355469,False,False,True,False,False,False,True,-9.185912087912088,-9.298266666666668,302.0062561035156,304.8836669921875,3.229280948638916,1.5324666500091553,-1.5844950675964355,-1.0778868198394775,97379.25,97446.46875,298.3346252441406,295.4483642578125,0,0,0,0,0,0,0,1,0,0,0
Delhi South West NAJAFGARH Mandela Kalan Pz,2023-02-28,-7.895160714285715,292.0787658691406,0.0166554227471351,-0.6978875994682312,98991.953125,282.5516357421875,False,False,False,True,False,False,True,-7.879491935483871,-7.901728971962617,285.7134704589844,288.2747497558594,0.2353955507278442,0.0007210198091343,-0.4424154758453369,-0.4859195947647095,99336.5625,99133.3359375,280.88885498046875,281.3249816894531,0,1,0,0,0,0,0,0,0,0,0
Delhi South West NAJAFGARH Mandela Kalan Pz,2023-03-31,-8.007024193548387,295.6153259277344,0.9421402215957642,-0.903655767440796,98845.0078125,286.6893920898437,False,False,False,True,False,False,True,-7.895160714285715,-7.879491935483871,292.0787658691406,285.7134704589844,0.0166554227471351,0.2353955507278442,-0.6978875994682312,-0.4424154758453369,98991.953125,99336.5625,282.5516357421875,280.88885498046875,0,0,1,0,0,0,0,0,0,0,0
Delhi South West NAJAFGARH Mandela Kalan Pz,2023-04-30,-9.815125,300.1795959472656,0.2380909919738769,-0.9929907321929932,98472.3984375,283.2770080566406,False,False,False,True,False,False,True,-8.007024193548387,-7.895160714285715,295.6153259277344,292.0787658691406,0.9421402215957642,0.0166554227471351,-0.903655767440796,-0.6978875994682312,98845.0078125,98991.953125,286.6893920898437,282.5516357421875,0,0,0,1,0,0,0,0,0,0,0
Delhi South West NAJAFGARH Mandela Kalan Pz,2023-05-31,-7.91999193548387,302.7923278808594,1.1080374717712402,-1.2380094528198242,98186.21875,287.6676330566406,False,False,False,True,False,False,True,-9.815125,-8.007024193548387,300.1795959472656,295.6153259277344,0.2380909919738769,0.9421402215957642,-0.9929907321929932,-0.903655767440796,98472.3984375,98845.0078125,283.2770080566406,286.6893920898437,0,0,0,0,1,0,0,0,0,0,0
Delhi South West NAJAFGARH Mandela Kalan Pz,2023-06-30,-7.74045,304.75750732421875,0.9161069989204408,-0.9959535598754884,97727.046875,293.7516174316406,False,False,False,True,False,False,True,-7.91999193548387,-9.815125,302.7923278808594,300.1795959472656,1.1080374717712402,0.2380909919738769,-1.2380094528198242,-0.9929907321929932,98186.21875,98472.3984375,287.6676330566406,283.2770080566406,0,0,0,0,0,1,0,0,0,0,0
Delhi South West NAJAFGARH Mandela Kalan Pz,2023-07-31,-7.442887096774194,302.6208190917969,3.2471694946289062,-1.5410948991775513,97693.5703125,298.6822509765625,False,False,False,True,False,False,True,-7.74045,-7.91999193548387,304.75750732421875,302.7923278808594,0.9161069989204408,1.1080374717712402,-0.9959535598754884,-1.2380094528198242,97727.046875,98186.21875,293.7516174316406,287.6676330566406,0,0,0,0,0,0,1,0,0,0,0
Delhi South West NAJAFGARH Mandela Kalan Pz,2023-08-31,-7.431024193548387,303.47021484375,0.4511064887046814,-1.9344775676727293,97751.0546875,296.487060546875,False,False,False,True,False,False,True,-7.442887096774194,-7.74045,302.6208190917969,304.75750732421875,3.2471694946289062,0.9161069989204408,-1.5410948991775513,-0.9959535598754884,97693.5703125,97727.046875,298.6822509765625,293.7516174316406,0,0,0,0,0,0,0,1,0,0,0
Delhi South West NAJAFGARH Mandela Kalan Pz,2023-09-30,-7.4695277777777775,302.4654846191406,1.1446659564971924,-1.5639636516571045,98045.203125,295.74365234375,False,False,False,True,False,False,True,-7.431024193548387,-7.442887096774194,303.47021484375,302.6208190917969,0.4511064887046814,3.2471694946289062,-1.9344775676727293,-1.5410948991775513,97751.0546875,97693.5703125,296.487060546875,298.6822509765625,0,0,0,0,0,0,0,0,1,0,0
Delhi South West NAJAFGARH Mandela Kalan Pz,2023-10-31,-7.586556603773585,299.1187438964844,0.130646675825119,-0.9893455505371094,98745.0078125,287.9046325683594,False,False,False,True,False,False,True,-7.4695277777777775,-7.431024193548387,302.4654846191406,303.47021484375,1.1446659564971924,0.4511064887046814,-1.5639636516571045,-1.9344775676727293,98045.203125,97751.0546875,295.74365234375,296.487060546875,0,0,0,0,0,0,0,0,0,1,0
Delhi South West NAJAFGARH Mandela Kalan Pz,2023-11-30,-7.850541666666667,294.33526611328125,0.091119959950447,-0.3299057483673095,99153.625,286.4778137207031,False,False,False,True,False,False,True,-7.586556603773585,-7.4695277777777775,299.1187438964844,302.4654846191406,0.130646675825119,1.1446659564971924,-0.9893455505371094,-1.5639636516571045,98745.0078125,98045.203125,287.9046325683594,295.74365234375,0,0,0,0,0,0,0,0,0,0,1
Delhi South West NAJAFGARH Mandela Kalan Pz,2023-12-31,-8.031393442622951,288.9872436523437,0.0112613197416067,-0.2352026104927063,99313.9921875,282.89678955078125,False,False,False,True,False,False,True,-7.850541666666667,-7.586556603773585,294.33526611328125,299.1187438964844,0.091119959950447,0.130646675825119,-0.3299057483673095,-0.9893455505371094,99153.625,98745.0078125,286.4778137207031,287.9046325683594,0,0,0,0,0,0,0,0,0,0,0
Delhi South West NAJAFGARH Mandela Kalan Pz,2024-01-31,-8.133467741935483,285.1405944824219,0.1307649612426757,-0.1523113995790481,99352.734375,281.27203369140625,False,False,False,True,False,False,True,-8.031393442622951,-7.850541666666667,288.9872436523437,294.33526611328125,0.0112613197416067,0.091119959950447,-0.2352026104927063,-0.3299057483673095,99313.9921875,99153.625,282.89678955078125,286.4778137207031,1,0,0,0,0,0,0,0,0,0,0
Delhi South West NAJAFGARH Mandela Kalan Pz,2024-02-29,-8.19884347826087,289.45477294921875,0.1645232886075973,-0.5142017602920532,99238.734375,281.3010559082031,False,False,False,True,False,False,True,-8.133467741935483,-8.031393442622951,285.1405944824219,288.9872436523437,0.1307649612426757,0.0112613197416067,-0.1523113995790481,-0.2352026104927063,99352.734375,99313.9921875,281.27203369140625,282.89678955078125,0,1,0,0,0,0,0,0,0,0,0
Delhi South West NAJAFGARH Mandela Kalan Pz,2024-03-31,-8.498528455284552,295.0599365234375,0.3516896367073059,-0.6977635622024536,98862.40625,283.0695495605469,False,False,False,True,False,False,True,-8.19884347826087,-8.133467741935483,289.45477294921875,285.1405944824219,0.1645232886075973,0.1307649612426757,-0.5142017602920532,-0.1523113995790481,99238.734375,99352.734375,281.3010559082031,281.27203369140625,0,0,1,0,0,0,0,0,0,0,0
Delhi South West NAJAFGARH Mandela Kalan Pz,2024-04-30,-8.45325,302.1859741210937,0.0169715825468301,-0.1911778151988983,98352.0703125,280.6711730957031,False,False,False,True,False,False,True,-8.498528455284552,-8.19884347826087,295.0599365234375,289.45477294921875,0.3516896367073059,0.1645232886075973,-0.6977635622024536,-0.5142017602920532,98862.40625,99238.734375,283.0695495605469,281.3010559082031,0,0,0,1,0,0,0,0,0,0,0
Delhi South West NAJAFGARH Mandela Kalan Pz,2024-05-31,-8.499825,307.4409484863281,0.0912980362772941,-0.223366841673851,97855.265625,283.90264892578125,False,False,False,True,False,False,True,-8.45325,-8.498528455284552,302.1859741210937,295.0599365234375,0.0169715825468301,0.3516896367073059,-0.1911778151988983,-0.6977635622024536,98352.0703125,98862.40625,280.6711730957031,283.0695495605469,0,0,0,0,1,0,0,0,0,0,0
Delhi South West NAJAFGARH Mandela Kalan Pz,2024-06-30,-8.576957983193278,308.2288818359375,0.7779552340507507,-0.3777657151222229,97557.0859375,290.21148681640625,False,False,False,True,False,False,True,-8.499825,-8.45325,307.4409484863281,302.1859741210937,0.0912980362772941,0.0169715825468301,-0.223366841673851,-0.1911778151988983,97855.265625,98352.0703125,283.90264892578125,280.6711730957031,0,0,0,0,0,1,0,0,0,0,0
Delhi South West NAJAFGARH Mandela Kalan Pz,2024-07-31,-8.710262711864406,303.82159423828125,2.103515386581421,-1.6883158683776855,97388.3984375,299.228759765625,False,False,False,True,False,False,True,-8.576957983193278,-8.499825,308.2288818359375,307.4409484863281,0.7779552340507507,0.0912980362772941,-0.3777657151222229,-0.223366841673851,97557.0859375,97855.265625,290.21148681640625,283.90264892578125,0,0,0,0,0,0,1,0,0,0,0
Delhi South West NAJAFGARH Mandela Kalan Pz,2024-08-31,-8.61169642857143,301.5060119628906,3.515683174133301,-1.531362533569336,97833.9765625,298.36895751953125,False,False,False,True,False,False,True,-8.710262711864406,-8.576957983193278,303.82159423828125,308.2288818359375,2.103515386581421,0.7779552340507507,-1.6883158683776855,-0.3777657151222229,97388.3984375,97557.0859375,299.228759765625,290.21148681640625,0,0,0,0,0,0,0,1,0,0,0
Delhi South West NAJAFGARH Mandela Kalan Pz,2024-09-30,-16.48535593220339,300.7633972167969,3.2858400344848637,-1.523448467254639,98011.9765625,297.28961181640625,False,False,False,True,False,False,True,-8.61169642857143,-8.710262711864406,301.5060119628906,303.82159423828125,3.515683174133301,2.103515386581421,-1.531362533569336,-1.6883158683776855,97833.9765625,97388.3984375,298.36895751953125,299.228759765625,0,0,0,0,0,0,0,0,1,0,0
Delhi South West NAJAFGARH Mandela Kalan Pz,2024-10-31,-12.017983870967742,299.7615051269531,0.0011920528486371,-1.478874444961548,98563.8359375,291.79913330078125,False,False,False,True,False,False,True,-16.48535593220339,-8.61169642857143,300.7633972167969,301.5060119628906,3.2858400344848637,3.515683174133301,-1.523448467254639,-1.531362533569336,98011.9765625,97833.9765625,297.28961181640625,298.36895751953125,0,0,0,0,0,0,0,0,0,1,0
Delhi South West NAJAFGARH Mandela Kalan Pz,2024-11-30,-9.66110101010101,294.91314697265625,0.0006160349585115,-0.6163352727890015,99016.4453125,287.4811706542969,False,False,False,True,False,False,True,-12.017983870967742,-16.48535593220339,299.7615051269531,300.7633972167969,0.0011920528486371,3.2858400344848637,-1.478874444961548,-1.523448467254639,98563.8359375,98011.9765625,291.79913330078125,297.28961181640625,0,0,0,0,0,0,0,0,0,0,1
Delhi South West NAJAFGARH Mandela Kalan Pz,2024-12-31,-8.334289256198346,287.96160888671875,0.669873058795929,-0.3957650065422058,99203.59375,280.8125,False,False,False,True,False,False,True,-9.66110101010101,-12.017983870967742,294.91314697265625,299.7615051269531,0.0006160349585115,0.0011920528486371,-0.6163352727890015,-1.478874444961548,99016.4453125,98563.8359375,287.4811706542969,291.79913330078125,0,0,0,0,0,0,0,0,0,0,0
Delhi South West NAJAFGARH Mandela Kalan Pz,2025-01-31,-9.721467741935484,286.7577209472656,0.1327712535858154,-0.7045434713363647,99184.2890625,282.4892578125,False,False,False,True,False,False,True,-8.334289256198346,-9.66110101010101,287.96160888671875,294.91314697265625,0.669873058795929,0.0006160349585115,-0.3957650065422058,-0.6163352727890015,99203.59375,99016.4453125,280.8125,287.4811706542969,1,0,0,0,0,0,0,0,0,0,0
Delhi South West NAJAFGARH Mandela Kalan Pz,2025-02-28,-8.33108108108108,291.052978515625,0.2674169540405273,-0.757915735244751,99063.7421875,283.0267944335937,False,False,False,True,False,False,True,-9.721467741935484,-8.334289256198346,286.7577209472656,287.96160888671875,0.1327712535858154,0.669873058795929,-0.7045434713363647,-0.3957650065422058,99184.2890625,99203.59375,282.4892578125,280.8125,0,1,0,0,0,0,0,0,0,0,0
Delhi South West NAJAFGARH Mandela Kalan Pz,2025-03-31,-8.670694915254238,295.9995422363281,0.1511467695236206,-0.9092546105384828,98717.9140625,282.2704162597656,False,False,False,True,False,False,True,-8.33108108108108,-9.721467741935484,291.052978515625,286.7577209472656,0.2674169540405273,0.1327712535858154,-0.757915735244751,-0.7045434713363647,99063.7421875,99184.2890625,283.0267944335937,282.4892578125,0,0,1,0,0,0,0,0,0,0,0
Delhi South West NAJAFGARH Mandela Kalan Pz,2025-04-30,-8.540076923076922,303.46405029296875,0.1141286939382553,-0.5025947690010071,98226.2890625,282.6754455566406,False,False,False,True,False,False,True,-8.670694915254238,-8.33108108108108,295.9995422363281,291.052978515625,0.1511467695236206,0.2674169540405273,-0.9092546105384828,-0.757915735244751,98717.9140625,99063.7421875,282.2704162597656,283.0267944335937,0,0,0,1,0,0,0,0,0,0,0
Delhi South West NAJAFGARH Mandela Kalan Pz,2025-05-31,-12.66701724137931,305.3735656738281,0.4304169714450836,-0.7337868809700012,97832.75,291.4614562988281,False,False,False,True,False,False,True,-8.540076923076922,-8.670694915254238,303.46405029296875,295.9995422363281,0.1141286939382553,0.1511467695236206,-0.5025947690010071,-0.9092546105384828,98226.2890625,98717.9140625,282.6754455566406,282.2704162597656,0,0,0,0,1,0,0,0,0,0,0
Delhi South West NAJAFGARH Mandela Kalan Pz,2025-06-30,-10.313823529411764,304.95233154296875,1.5659877061843872,-1.0697369575500488,97564.6875,295.51934814453125,False,False,False,True,False,False,True,-12.66701724137931,-8.540076923076922,305.3735656738281,303.46405029296875,0.4304169714450836,0.1141286939382553,-0.7337868809700012,-0.5025947690010071,97832.75,98226.2890625,291.4614562988281,282.6754455566406,0,0,0,0,0,1,0,0,0,0,0
Delhi South West NAJAFGARH Mandela Kalan Pz,2025-07-31,-12.589616666666666,302.1073608398437,3.4176101684570312,-1.5583267211914062,97498.6484375,298.40985107421875,False,False,False,True,False,False,True,-10.313823529411764,-12.66701724137931,304.95233154296875,305.3735656738281,1.5659877061843872,0.4304169714450836,-1.0697369575500488,-0.7337868809700012,97564.6875,97832.75,295.51934814453125,291.4614562988281,0,0,0,0,0,0,1,0,0,0,0
Delhi South West NAJAFGARH Mandela Kalan Pz,2025-08-31,-6.748111111111111,301.4883728027344,2.304645299911499,-1.5945916175842283,97831.25,298.04718017578125,False,False,False,True,False,False,True,-12.589616666666666,-10.313823529411764,302.1073608398437,304.95233154296875,3.4176101684570312,1.5659877061843872,-1.5583267211914062,-1.0697369575500488,97498.6484375,97564.6875,298.40985107421875,295.51934814453125,0,0,0,0,0,0,0,1,0,0,0
Delhi South West NAJAFGARH Najafgarh Town,2023-02-28,-15.508946428571427,292.0177917480469,0.017518438398838,-0.7011944055557251,98998.015625,282.71197509765625,True,False,False,False,False,False,True,-15.726685483870968,-15.980613207547169,285.7337341308594,288.2622375488281,0.2836721241474151,0.0012514342088252,-0.4552465379238128,-0.483401894569397,99342.3046875,99137.71875,280.99932861328125,281.454833984375,0,1,0,0,0,0,0,0,0,0,0
Delhi South West NAJAFGARH Najafgarh Town,2023-03-31,-15.444379032258064,295.5575866699219,0.9043833017349244,-0.9129390120506288,98852.8203125,286.7802429199219,True,False,False,False,False,False,True,-15.508946428571427,-15.726685483870968,292.0177917480469,285.7337341308594,0.017518438398838,0.2836721241474151,-0.7011944055557251,-0.4552465379238128,98998.015625,99342.3046875,282.71197509765625,280.99932861328125,0,0,1,0,0,0,0,0,0,0,0
Delhi South West NAJAFGARH Najafgarh Town,2023-04-30,-15.475325,300.1311340332031,0.2409625351428985,-1.008895754814148,98479.8203125,283.4206237792969,True,False,False,False,False,False,True,-15.444379032258064,-15.508946428571427,295.5575866699219,292.0177917480469,0.9043833017349244,0.017518438398838,-0.9129390120506288,-0.7011944055557251,98852.8203125,98998.015625,286.7802429199219,282.71197509765625,0,0,0,1,0,0,0,0,0,0,0
Delhi South West NAJAFGARH Najafgarh Town,2023-05-31,-15.515548387096771,302.7606811523437,1.0758700370788574,-1.2651435136795044,98193.8671875,287.79071044921875,True,False,False,False,False,False,True,-15.475325,-15.444379032258064,300.1311340332031,295.5575866699219,0.2409625351428985,0.9043833017349244,-1.008895754814148,-0.9129390120506288,98479.8203125,98852.8203125,283.4206237792969,286.7802429199219,0,0,0,0,1,0,0,0,0,0,0
Delhi South West NAJAFGARH Najafgarh Town,2023-06-30,-15.6227,304.7522888183594,0.9652722477912904,-0.9479366540908812,97733.6796875,293.7524719238281,True,False,False,False,False,False,True,-15.515548387096771,-15.475325,302.7606811523437,300.1311340332031,1.0758700370788574,0.2409625351428985,-1.2651435136795044,-1.008895754814148,98193.8671875,98479.8203125,287.79071044921875,283.4206237792969,0,0,0,0,0,1,0,0,0,0,0
Delhi South West NAJAFGARH Najafgarh Town,2023-07-31,-15.45825,302.5123596191406,3.3245420455932617,-1.5852959156036377,97704.21875,298.7465515136719,True,False,False,False,False,False,True,-15.6227,-15.515548387096771,304.7522888183594,302.7606811523437,0.9652722477912904,1.0758700370788574,-0.9479366540908812,-1.2651435136795044,97733.6796875,98193.8671875,293.7524719238281,287.79071044921875,0,0,0,0,0,0,1,0,0,0,0
Delhi South West NAJAFGARH Najafgarh Town,2023-08-31,-14.981217741935485,303.3313293457031,0.5142471194267273,-2.0120158195495605,97758.828125,296.68914794921875,True,False,False,False,False,False,True,-15.45825,-15.6227,302.5123596191406,304.7522888183594,3.3245420455932617,0.9652722477912904,-1.5852959156036377,-0.9479366540908812,97704.21875,97733.6796875,298.7465515136719,293.7524719238281,0,0,0,0,0,0,0,1,0,0,0
Delhi South West NAJAFGARH Najafgarh Town,2023-09-30,-14.55162037037037,302.28924560546875,1.195037007331848,-1.6599791049957275,98053.9140625,295.9840393066406,True,False,False,False,False,False,True,-14.981217741935485,-15.45825,303.3313293457031,302.5123596191406,0.5142471194267273,3.3245420455932617,-2.0120158195495605,-1.5852959156036377,97758.828125,97704.21875,296.68914794921875,298.7465515136719,0,0,0,0,0,0,0,0,1,0,0
Delhi South West NAJAFGARH Najafgarh Town,2023-10-31,-14.402330188679244,299.0052795410156,0.1297340989112854,-1.0811634063720703,98751.78125,288.1714172363281,True,False,False,False,False,False,True,-14.55162037037037,-14.981217741935485,302.28924560546875,303.3313293457031,1.195037007331848,0.5142471194267273,-1.6599791049957275,-2.0120158195495605,98053.9140625,97758.828125,295.9840393066406,296.68914794921875,0,0,0,0,0,0,0,0,0,1,0
Delhi South West NAJAFGARH Najafgarh Town,2023-11-30,-14.22836440677966,294.27557373046875,0.0982311964035034,-0.357290118932724,99160.953125,286.6498718261719,True,False,False,False,False,False,True,-14.402330188679244,-14.55162037037037,299.0052795410156,302.28924560546875,0.1297340989112854,1.195037007331848,-1.0811634063720703,-1.6599791049957275,98751.78125,98053.9140625,288.1714172363281,295.9840393066406,0,0,0,0,0,0,0,0,0,0,1
Delhi South West NAJAFGARH Najafgarh Town,2023-12-31,-14.06852032520325,288.9659729003906,0.0126668643206357,-0.239121675491333,99319.890625,282.9782409667969,True,False,False,False,False,False,True,-14.22836440677966,-14.402330188679244,294.27557373046875,299.0052795410156,0.0982311964035034,0.1297340989112854,-0.357290118932724,-1.0811634063720703,99160.953125,98751.78125,286.6498718261719,288.1714172363281,0,0,0,0,0,0,0,0,0,0,0
Delhi South West NAJAFGARH Najafgarh Town,2024-01-31,-13.933586776859505,285.1377868652344,0.120075486600399,-0.1517635285854339,99359.7421875,281.3072814941406,True,False,False,False,False,False,True,-14.06852032520325,-14.22836440677966,288.9659729003906,294.27557373046875,0.0126668643206357,0.0982311964035034,-0.239121675491333,-0.357290118932724,99319.890625,99160.953125,282.9782409667969,286.6498718261719,1,0,0,0,0,0,0,0,0,0,0
Delhi South West NAJAFGARH Najafgarh Town,2024-02-29,-13.909224137931036,289.43438720703125,0.1750580072402954,-0.5191079378128052,99245.2421875,281.3939819335937,True,False,False,False,False,False,True,-13.933586776859505,-14.06852032520325,285.1377868652344,288.9659729003906,0.120075486600399,0.0126668643206357,-0.1517635285854339,-0.239121675491333,99359.7421875,99319.890625,281.3072814941406,282.9782409667969,0,1,0,0,0,0,0,0,0,0,0
Delhi South West NAJAFGARH Najafgarh Town,2024-03-31,-13.896274193548386,294.9677429199219,0.3643726706504822,-0.7407186031341553,98869.421875,283.3875732421875,True,False,False,False,False,False,True,-13.909224137931036,-13.933586776859505,289.43438720703125,285.1377868652344,0.1750580072402954,0.120075486600399,-0.5191079378128052,-0.1517635285854339,99245.2421875,99359.7421875,281.3939819335937,281.3072814941406,0,0,1,0,0,0,0,0,0,0,0
Delhi South West NAJAFGARH Najafgarh Town,2024-04-30,-14.03692105263158,302.1414794921875,0.0161759350448846,-0.2135586440563202,98357.2890625,280.9222106933594,True,False,False,False,False,False,True,-13.896274193548386,-13.909224137931036,294.9677429199219,289.43438720703125,0.3643726706504822,0.1750580072402954,-0.7407186031341553,-0.5191079378128052,98869.421875,99245.2421875,283.3875732421875,281.3939819335937,0,0,0,1,0,0,0,0,0,0,0
Delhi South West NAJAFGARH Najafgarh Town,2024-05-31,-14.293408333333334,307.3672790527344,0.0557168498635292,-0.2062020301818847,97863.1796875,284.1380920410156,True,False,False,False,False,False,True,-14.03692105263158,-13.896274193548386,302.1414794921875,294.9677429199219,0.0161759350448846,0.3643726706504822,-0.2135586440563202,-0.7407186031341553,98357.2890625,98869.421875,280.9222106933594,283.3875732421875,0,0,0,0,1,0,0,0,0,0,0
Delhi South West NAJAFGARH Najafgarh Town,2024-06-30,-14.802666666666664,308.170654296875,0.7689292430877686,-0.4008071422576904,97563.1796875,290.2557373046875,True,False,False,False,False,False,True,-14.293408333333334,-14.03692105263158,307.3672790527344,302.1414794921875,0.0557168498635292,0.0161759350448846,-0.2062020301818847,-0.2135586440563202,97863.1796875,98357.2890625,284.1380920410156,280.9222106933594,0,0,0,0,0,1,0,0,0,0,0
Delhi South West NAJAFGARH Najafgarh Town,2024-07-31,-15.0005,303.6855773925781,1.884708404541016,-1.7197670936584473,97398.90625,299.3178405761719,True,False,False,False,False,False,True,-14.802666666666664,-14.293408333333334,308.170654296875,307.3672790527344,0.7689292430877686,0.0557168498635292,-0.4008071422576904,-0.2062020301818847,97563.1796875,97863.1796875,290.2557373046875,284.1380920410156,0,0,0,0,0,0,1,0,0,0,0
Delhi South West NAJAFGARH Najafgarh Town,2024-08-31,-14.57824770642202,301.4864807128906,3.3780460357666016,-1.5689865350723269,97843.546875,298.40386962890625,True,False,False,False,False,False,True,-15.0005,-14.802666666666664,303.6855773925781,308.170654296875,1.884708404541016,0.7689292430877686,-1.7197670936584473,-0.4008071422576904,97398.90625,97563.1796875,299.3178405761719,290.2557373046875,0,0,0,0,0,0,0,1,0,0,0
Delhi South West NAJAFGARH Najafgarh Town,2024-09-30,-13.573008403361346,300.7133178710937,3.674187660217285,-1.5577187538146973,98019.4921875,297.33740234375,True,False,False,False,False,False,True,-14.57824770642202,-15.0005,301.4864807128906,303.6855773925781,3.3780460357666016,1.884708404541016,-1.5689865350723269,-1.7197670936584473,97843.546875,97398.90625,298.40386962890625,299.3178405761719,0,0,0,0,0,0,0,0,1,0,0
Delhi South West NAJAFGARH Najafgarh Town,2024-10-31,-12.972354838709675,299.6537780761719,0.0020492943003773,-1.5365679264068604,98571.390625,292.02008056640625,True,False,False,False,False,False,True,-13.573008403361346,-14.57824770642202,300.7133178710937,301.4864807128906,3.674187660217285,3.3780460357666016,-1.5577187538146973,-1.5689865350723269,98019.4921875,97843.546875,297.33740234375,298.40386962890625,0,0,0,0,0,0,0,0,0,1,0
Delhi South West NAJAFGARH Najafgarh Town,2024-11-30,-12.759974137931032,294.8385925292969,0.0008329065749421,-0.633086085319519,99024.203125,287.6649169921875,True,False,False,False,False,False,True,-12.972354838709675,-13.573008403361346,299.6537780761719,300.7133178710937,0.0020492943003773,3.674187660217285,-1.5365679264068604,-1.5577187538146973,98571.390625,98019.4921875,292.02008056640625,297.33740234375,0,0,0,0,0,0,0,0,0,0,1
Delhi South West NAJAFGARH Najafgarh Town,2024-12-31,-12.574411290322582,287.9471740722656,0.6638737320899963,-0.4018288850784302,99209.21875,280.924560546875,True,False,False,False,False,False,True,-12.759974137931032,-12.972354838709675,294.8385925292969,299.6537780761719,0.0008329065749421,0.0020492943003773,-0.633086085319519,-1.5365679264068604,99024.203125,98571.390625,287.6649169921875,292.02008056640625,0,0,0,0,0,0,0,0,0,0,0
Delhi South West NAJAFGARH Najafgarh Town,2025-01-31,-12.486120967741936,286.7747497558594,0.1360482424497604,-0.6956955790519714,99190.5625,282.5170288085937,True,False,False,False,False,False,True,-12.574411290322582,-12.759974137931032,287.9471740722656,294.8385925292969,0.6638737320899963,0.0008329065749421,-0.4018288850784302,-0.633086085319519,99209.21875,99024.203125,280.924560546875,287.6649169921875,1,0,0,0,0,0,0,0,0,0,0
Delhi South West NAJAFGARH Najafgarh Town,2025-02-28,-12.422339285714283,291.0367736816406,0.2806383669376373,-0.7483009099960327,99069.5234375,283.0246887207031,True,False,False,False,False,False,True,-12.486120967741936,-12.574411290322582,286.7747497558594,287.9471740722656,0.1360482424497604,0.6638737320899963,-0.6956955790519714,-0.4018288850784302,99190.5625,99209.21875,282.5170288085937,280.924560546875,0,1,0,0,0,0,0,0,0,0,0
Delhi South West NAJAFGARH Najafgarh Town,2025-03-31,-12.646344262295084,295.96978759765625,0.1525654196739196,-0.9101947546005248,98723.375,282.4370422363281,True,False,False,False,False,False,True,-12.422339285714283,-12.486120967741936,291.0367736816406,286.7747497558594,0.2806383669376373,0.1360482424497604,-0.7483009099960327,-0.6956955790519714,99069.5234375,99190.5625,283.0246887207031,282.5170288085937,0,0,1,0,0,0,0,0,0,0,0
Delhi South West NAJAFGARH Najafgarh Town,2025-04-30,-13.512535087719298,303.4050598144531,0.1173376739025116,-0.5216383934020996,98236.4765625,282.9508972167969,True,False,False,False,False,False,True,-12.646344262295084,-12.422339285714283,295.96978759765625,291.0367736816406,0.1525654196739196,0.2806383669376373,-0.9101947546005248,-0.7483009099960327,98723.375,99069.5234375,282.4370422363281,283.0246887207031,0,0,0,1,0,0,0,0,0,0,0
Delhi South West NAJAFGARH Najafgarh Town,2025-05-31,-12.89696551724138,305.2373962402344,0.4137794077396393,-0.7372060418128967,97844.28125,291.6900634765625,True,False,False,False,False,False,True,-13.512535087719298,-12.646344262295084,303.4050598144531,295.96978759765625,0.1173376739025116,0.1525654196739196,-0.5216383934020996,-0.9101947546005248,98236.4765625,98723.375,282.9508972167969,282.4370422363281,0,0,0,0,1,0,0,0,0,0,0
Delhi South West NAJAFGARH Najafgarh Town,2025-06-30,-13.104741666666666,304.8500366210937,1.5496368408203125,-1.074925184249878,97575.1796875,295.6560363769531,True,False,False,False,False,False,True,-12.89696551724138,-13.512535087719298,305.2373962402344,303.4050598144531,0.4137794077396393,0.1173376739025116,-0.7372060418128967,-0.5216383934020996,97844.28125,98236.4765625,291.6900634765625,282.9508972167969,0,0,0,0,0,1,0,0,0,0,0
Delhi South West NAJAFGARH Najafgarh Town,2025-07-31,-13.06916935483871,302.0440979003906,3.249762296676636,-1.5925657749176023,97508.4765625,298.4617919921875,True,False,False,False,False,False,True,-13.104741666666666,-12.89696551724138,304.8500366210937,305.2373962402344,1.5496368408203125,0.4137794077396393,-1.074925184249878,-0.7372060418128967,97575.1796875,97844.28125,295.6560363769531,291.6900634765625,0,0,0,0,0,0,1,0,0,0,0
Delhi South West NAJAFGARH Najafgarh Town,2025-08-31,-12.648363636363635,301.4277648925781,2.4341697692871094,-1.6139051914215088,97841.0,298.1100769042969,True,False,False,False,False,False,True,-13.06916935483871,-13.104741666666666,302.0440979003906,304.8500366210937,3.249762296676636,1.5496368408203125,-1.5925657749176023,-1.074925184249878,97508.4765625,97575.1796875,298.4617919921875,295.6560363769531,0,0,0,0,0,0,0,1,0,0,0
Delhi West RAJOURI GARDEN Mayapuri Pz,2023-02-28,-35.92039285714286,291.9380187988281,0.0182914137840271,-0.6235370635986328,98869.3125,282.8025817871094,True,False,False,False,False,False,False,-35.911491935483866,-35.88745967741936,285.7303466796875,288.2191162109375,0.3303329944610595,0.001630486221984,-0.4457212686538696,-0.4342001974582672,99209.8046875,99005.484375,281.0850830078125,281.5385437011719,0,1,0,0,0,0,0,0,0,0,0
Delhi West RAJOURI GARDEN Mayapuri Pz,2023-03-31,-40.0061370967742,295.4262084960937,0.8657171726226807,-0.9306230545043944,98727.6796875,286.8123779296875,True,False,False,False,False,False,False,-35.92039285714286,-35.911491935483866,291.9380187988281,285.7303466796875,0.0182914137840271,0.3303329944610595,-0.6235370635986328,-0.4457212686538696,98869.3125,99209.8046875,282.8025817871094,281.0850830078125,0,0,1,0,0,0,0,0,0,0,0
Delhi West RAJOURI GARDEN Mayapuri Pz,2023-04-30,-36.56250833333333,299.991455078125,0.2430145591497421,-0.9469969272613524,98356.65625,283.5058898925781,True,False,False,False,False,False,False,-40.0061370967742,-35.92039285714286,295.4262084960937,291.9380187988281,0.8657171726226807,0.0182914137840271,-0.9306230545043944,-0.6235370635986328,98727.6796875,98869.3125,286.8123779296875,282.8025817871094,0,0,0,1,0,0,0,0,0,0,0
Delhi West RAJOURI GARDEN Mayapuri Pz,2023-05-31,-36.790596774193546,302.6140441894531,1.0549111366271973,-1.2824957370758057,98072.734375,287.9031982421875,True,False,False,False,False,False,False,-36.56250833333333,-40.0061370967742,299.991455078125,295.4262084960937,0.2430145591497421,0.8657171726226807,-0.9469969272613524,-0.9306230545043944,98356.65625,98727.6796875,283.5058898925781,286.8123779296875,0,0,0,0,1,0,0,0,0,0,0
Delhi West RAJOURI GARDEN Mayapuri Pz,2023-06-30,-36.75988333333333,304.6347351074219,1.0413453578948977,-0.9030967354774476,97613.1875,293.71807861328125,True,False,False,False,False,False,False,-36.790596774193546,-36.56250833333333,302.6140441894531,299.991455078125,1.0549111366271973,0.2430145591497421,-1.2824957370758057,-0.9469969272613524,98072.734375,98356.65625,287.9031982421875,283.5058898925781,0,0,0,0,0,1,0,0,0,0,0
Delhi West RAJOURI GARDEN Mayapuri Pz,2023-07-31,-36.791548387096775,302.3201904296875,3.3908419609069824,-1.6577754020690918,97587.1796875,298.77490234375,True,False,False,False,False,False,False,-36.75988333333333,-36.790596774193546,304.6347351074219,302.6140441894531,1.0413453578948977,1.0549111366271973,-0.9030967354774476,-1.2824957370758057,97613.1875,98072.734375,293.71807861328125,287.9031982421875,0,0,0,0,0,0,1,0,0,0,0
Delhi West RAJOURI GARDEN Mayapuri Pz,2023-08-31,-38.68634426229509,303.08282470703125,0.5768352746963501,-2.1047701835632324,97639.1796875,296.8712158203125,True,False,False,False,False,False,False,-36.791548387096775,-36.75988333333333,302.3201904296875,304.6347351074219,3.3908419609069824,1.0413453578948977,-1.6577754020690918,-0.9030967354774476,97587.1796875,97613.1875,298.77490234375,293.71807861328125,0,0,0,0,0,0,0,1,0,0,0
Delhi West RAJOURI GARDEN Mayapuri Pz,2023-09-30,-36.23788888888889,302.0586242675781,1.1943126916885376,-1.725609302520752,97934.2421875,296.1649475097656,True,False,False,False,False,False,False,-38.68634426229509,-36.791548387096775,303.08282470703125,302.3201904296875,0.5768352746963501,3.3908419609069824,-2.1047701835632324,-1.6577754020690918,97639.1796875,97587.1796875,296.8712158203125,298.77490234375,0,0,0,0,0,0,0,0,1,0,0
Delhi West RAJOURI GARDEN Mayapuri Pz,2023-10-31,-60.99202777777778,298.8614196777344,0.1184282898902893,-1.0555428266525269,98627.3203125,288.3450622558594,True,False,False,False,False,False,False,-36.23788888888889,-38.68634426229509,302.0586242675781,303.08282470703125,1.1943126916885376,0.5768352746963501,-1.725609302520752,-2.1047701835632324,97934.2421875,97639.1796875,296.1649475097656,296.8712158203125,0,0,0,0,0,0,0,0,0,1,0
Delhi West RAJOURI GARDEN Mayapuri Pz,2023-11-30,-78.8396,294.1969909667969,0.1058204546570777,-0.3516239523887634,99034.4296875,286.73907470703125,True,False,False,False,False,False,False,-60.99202777777778,-36.23788888888889,298.8614196777344,302.0586242675781,0.1184282898902893,1.1943126916885376,-1.0555428266525269,-1.725609302520752,98627.3203125,97934.2421875,288.3450622558594,296.1649475097656,0,0,0,0,0,0,0,0,0,0,1
Delhi West RAJOURI GARDEN Mayapuri Pz,2023-12-31,-65.04063709677419,288.9165954589844,0.0136394277215003,-0.2287687212228775,99189.1796875,283.0230712890625,True,False,False,False,False,False,False,-78.8396,-60.99202777777778,294.1969909667969,298.8614196777344,0.1058204546570777,0.1184282898902893,-0.3516239523887634,-1.0555428266525269,99034.4296875,98627.3203125,286.73907470703125,288.3450622558594,0,0,0,0,0,0,0,0,0,0,0
Delhi West RAJOURI GARDEN Mayapuri Pz,2024-01-31,-39.38058064516129,285.1316833496094,0.115630455315113,-0.1388800889253616,99228.109375,281.3271789550781,True,False,False,False,False,False,False,-65.04063709677419,-78.8396,288.9165954589844,294.1969909667969,0.0136394277215003,0.1058204546570777,-0.2287687212228775,-0.3516239523887634,99189.1796875,99034.4296875,283.0230712890625,286.73907470703125,1,0,0,0,0,0,0,0,0,0,0
Delhi West RAJOURI GARDEN Mayapuri Pz,2024-02-29,-36.296885964912285,289.3531188964844,0.1891271620988845,-0.5194875597953796,99115.3125,281.4446716308594,True,False,False,False,False,False,False,-39.38058064516129,-65.04063709677419,285.1316833496094,288.9165954589844,0.115630455315113,0.0136394277215003,-0.1388800889253616,-0.2287687212228775,99228.109375,99189.1796875,281.3271789550781,283.0230712890625,0,1,0,0,0,0,0,0,0,0,0
Delhi West RAJOURI GARDEN Mayapuri Pz,2024-03-31,-36.06704918032787,294.81329345703125,0.3803575932979584,-0.7465256452560425,98743.0234375,283.6601867675781,True,False,False,False,False,False,False,-36.296885964912285,-39.38058064516129,289.3531188964844,285.1316833496094,0.1891271620988845,0.115630455315113,-0.5194875597953796,-0.1388800889253616,99115.3125,99228.109375,281.4446716308594,281.3271789550781,0,0,1,0,0,0,0,0,0,0,0
Delhi West RAJOURI GARDEN Mayapuri Pz,2024-04-30,-57.68611403508772,301.9958801269531,0.0160130616277456,-0.2097881138324737,98232.890625,281.1026611328125,True,False,False,False,False,False,False,-36.06704918032787,-36.296885964912285,294.81329345703125,289.3531188964844,0.3803575932979584,0.1891271620988845,-0.7465256452560425,-0.5194875597953796,98743.0234375,99115.3125,283.6601867675781,281.4446716308594,0,0,0,1,0,0,0,0,0,0,0
Delhi West RAJOURI GARDEN Mayapuri Pz,2024-05-31,-46.7637786885246,307.1933898925781,0.0252184402197599,-0.1810169219970703,97744.4921875,284.32830810546875,True,False,False,False,False,False,False,-57.68611403508772,-36.06704918032787,301.9958801269531,294.81329345703125,0.0160130616277456,0.3803575932979584,-0.2097881138324737,-0.7465256452560425,98232.890625,98743.0234375,281.1026611328125,283.6601867675781,0,0,0,0,1,0,0,0,0,0,0
Delhi West RAJOURI GARDEN Mayapuri Pz,2024-06-30,-36.63715833333333,307.993896484375,0.7677751779556274,-0.4472236335277557,97443.6796875,290.2662658691406,True,False,False,False,False,False,False,-46.7637786885246,-57.68611403508772,307.1933898925781,301.9958801269531,0.0252184402197599,0.0160130616277456,-0.1810169219970703,-0.2097881138324737,97744.4921875,98232.890625,284.32830810546875,281.1026611328125,0,0,0,0,0,1,0,0,0,0,0
Delhi West RAJOURI GARDEN Mayapuri Pz,2024-07-31,-39.659796875,303.457275390625,1.6978341341018677,-1.8125200271606443,97282.6796875,299.3836669921875,True,False,False,False,False,False,False,-36.63715833333333,-46.7637786885246,307.993896484375,307.1933898925781,0.7677751779556274,0.0252184402197599,-0.4472236335277557,-0.1810169219970703,97443.6796875,97744.4921875,290.2662658691406,284.32830810546875,0,0,0,0,0,0,1,0,0,0,0
Delhi West RAJOURI GARDEN Mayapuri Pz,2024-08-31,-37.11841228070176,301.3995666503906,3.2522201538085938,-1.6360867023468018,97724.859375,298.3956298828125,True,False,False,False,False,False,False,-39.659796875,-36.63715833333333,303.457275390625,307.993896484375,1.6978341341018677,0.7677751779556274,-1.8125200271606443,-0.4472236335277557,97282.6796875,97443.6796875,299.3836669921875,290.2662658691406,0,0,0,0,0,0,0,1,0,0,0
Delhi West RAJOURI GARDEN Mayapuri Pz,2024-09-30,-37.20098305084746,300.6088256835937,4.026660919189453,-1.606448531150818,97898.2421875,297.3424377441406,True,False,False,False,False,False,False,-37.11841228070176,-39.659796875,301.3995666503906,303.457275390625,3.2522201538085938,1.6978341341018677,-1.6360867023468018,-1.8125200271606443,97724.859375,97282.6796875,298.3956298828125,299.3836669921875,0,0,0,0,0,0,0,0,1,0,0
Delhi West RAJOURI GARDEN Mayapuri Pz,2024-10-31,-37.24812295081967,299.5389709472656,0.0026393132284283,-1.49343740940094,98448.734375,292.1652526855469,True,False,False,False,False,False,False,-37.20098305084746,-37.11841228070176,300.6088256835937,301.3995666503906,4.026660919189453,3.2522201538085938,-1.606448531150818,-1.6360867023468018,97898.2421875,97724.859375,297.3424377441406,298.3956298828125,0,0,0,0,0,0,0,0,0,1,0
Delhi West RAJOURI GARDEN Mayapuri Pz,2024-11-30,-37.20162,294.73681640625,0.001078926725313,-0.5901053547859192,98898.6328125,287.7723693847656,True,False,False,False,False,False,False,-37.24812295081967,-37.20098305084746,299.5389709472656,300.6088256835937,0.0026393132284283,4.026660919189453,-1.49343740940094,-1.606448531150818,98448.734375,97898.2421875,292.1652526855469,297.3424377441406,0,0,0,0,0,0,0,0,0,0,1
Delhi West RAJOURI GARDEN Mayapuri Pz,2024-12-31,-39.35011475409836,287.8874816894531,0.6647499203681946,-0.3848093152046203,99077.9375,280.99932861328125,True,False,False,False,False,False,False,-37.20162,-37.24812295081967,294.73681640625,299.5389709472656,0.001078926725313,0.0026393132284283,-0.5901053547859192,-1.49343740940094,98898.6328125,98448.734375,287.7723693847656,292.1652526855469,0,0,0,0,0,0,0,0,0,0,0
Delhi West RAJOURI GARDEN Mayapuri Pz,2025-01-31,-45.44134677419355,286.7446594238281,0.1380294263362884,-0.7087887525558472,99059.390625,282.5372314453125,True,False,False,False,False,False,False,-39.35011475409836,-37.20162,287.8874816894531,294.73681640625,0.6647499203681946,0.001078926725313,-0.3848093152046203,-0.5901053547859192,99077.9375,98898.6328125,280.99932861328125,287.7723693847656,1,0,0,0,0,0,0,0,0,0,0
Delhi West RAJOURI GARDEN Mayapuri Pz,2025-02-28,-41.62291071428571,290.9985046386719,0.2934150099754333,-0.6611498594284058,98939.8984375,282.947509765625,True,False,False,False,False,False,False,-45.44134677419355,-39.35011475409836,286.7446594238281,287.8874816894531,0.1380294263362884,0.6647499203681946,-0.7087887525558472,-0.3848093152046203,99059.390625,99077.9375,282.5372314453125,280.99932861328125,0,1,0,0,0,0,0,0,0,0,0
Delhi West RAJOURI GARDEN Mayapuri Pz,2025-03-31,-36.92140163934426,295.8739929199219,0.1545058488845825,-0.8493547439575195,98596.1484375,282.534423828125,True,False,False,False,False,False,False,-41.62291071428571,-45.44134677419355,290.9985046386719,286.7446594238281,0.2934150099754333,0.1380294263362884,-0.6611498594284058,-0.7087887525558472,98939.8984375,99059.390625,282.947509765625,282.5372314453125,0,0,1,0,0,0,0,0,0,0,0
Delhi West RAJOURI GARDEN Mayapuri Pz,2025-04-30,-36.32178947368421,303.26715087890625,0.1178989633917808,-0.4955304861068725,98117.7890625,283.1229553222656,True,False,False,False,False,False,False,-36.92140163934426,-41.62291071428571,295.8739929199219,290.9985046386719,0.1545058488845825,0.2934150099754333,-0.8493547439575195,-0.6611498594284058,98596.1484375,98939.8984375,282.534423828125,282.947509765625,0,0,0,1,0,0,0,0,0,0,0
Delhi West RAJOURI GARDEN Mayapuri Pz,2025-05-31,-36.48411111111111,305.0204162597656,0.4001611471176147,-0.7367693781852722,97728.4765625,291.8448486328125,True,False,False,False,False,False,False,-36.32178947368421,-36.92140163934426,303.26715087890625,295.8739929199219,0.1178989633917808,0.1545058488845825,-0.4955304861068725,-0.8493547439575195,98117.7890625,98596.1484375,283.1229553222656,282.534423828125,0,0,0,0,1,0,0,0,0,0,0
Delhi West RAJOURI GARDEN Mayapuri Pz,2025-06-30,-38.94554166666667,304.65460205078125,1.5304187536239624,-1.140957593917847,97458.8359375,295.73876953125,True,False,False,False,False,False,False,-36.48411111111111,-36.32178947368421,305.0204162597656,303.26715087890625,0.4001611471176147,0.1178989633917808,-0.7367693781852722,-0.4955304861068725,97728.4765625,98117.7890625,291.8448486328125,283.1229553222656,0,0,0,0,0,1,0,0,0,0,0
Delhi West RAJOURI GARDEN Mayapuri Pz,2025-07-31,-36.477919354838704,301.91021728515625,3.078956365585327,-1.6503218412399292,97390.75,298.4706115722656,True,False,False,False,False,False,False,-38.94554166666667,-36.48411111111111,304.65460205078125,305.0204162597656,1.5304187536239624,0.4001611471176147,-1.140957593917847,-0.7367693781852722,97458.8359375,97728.4765625,295.73876953125,291.8448486328125,0,0,0,0,0,0,1,0,0,0,0
Delhi West RAJOURI GARDEN Mayapuri Pz,2025-08-31,-37.060272727272725,301.2987365722656,2.569326639175415,-1.6443716287612915,97722.3671875,298.1354675292969,True,False,False,False,False,False,False,-36.477919354838704,-38.94554166666667,301.91021728515625,304.65460205078125,3.078956365585327,1.5304187536239624,-1.6503218412399292,-1.140957593917847,97390.75,97458.8359375,298.4706115722656,295.73876953125,0,0,0,0,0,0,0,1,0,0,0
